Group,Item,ID,factor1,factor2,Context,Sentence,Question,AnswerA,AnswerB,AnswerC,AnswerD,AnswerE,Verb
a,b01,b01a,doublematch,reflexive,School had just gotten out for the day.,The young boy was waiting outside the corner shop. He watched as the old man who was wearing a hat bought himself a huge box of popcorn.,"Who does ""himself"" refer to? ",The young boy,More likely the young boy,Could be either,More likely the old man,The old man,buy
b,b01,b01b,singlematch,reflexive,School had just gotten out for the day.,The young girl was waiting outside the corner shop. She watched as the old man who was wearing a hat bought himself a huge box of popcorn.,"Who does ""himself"" refer to? ",The young girl,More likely the young girl,Could be either,More likely the old man,The old man,buy
c,b01,b01c,doublematch,pronoun,School had just gotten out for the day.,The young boy was waiting outside the corner shop. He watched as the old man who was wearing a hat bought him a huge box of popcorn.,"Who does ""him"" refer to? ",The young boy,More likely the young boy,Could be either,More likely the old man,The old man,buy
d,b01,b01d,singlematch,pronoun,School had just gotten out for the day.,The young girl was waiting outside the corner shop. She watched as the old man who was wearing a hat bought her a huge box of popcorn.,"Who does ""her"" refer to? ",The young girl,More likely the young girl,Could be either,More likely the old man,The old man,buy
b,b02,b02a,doublematch,reflexive,Everyone was starting to get hungry.,The young boy was laying the dinner table. He asked whether the old man who was holding a cup could fetch himself a large clean plate.,"Who does ""himself"" refer to? ",The young boy,More likely the young boy,Could be either,More likely the old man,The old man,fetch
c,b02,b02b,singlematch,reflexive,Everyone was starting to get hungry.,The young girl was laying the dinner table. She asked whether the old man who was holding a cup could fetch himself a large clean plate.,"Who does ""himself"" refer to? ",The young girl,More likely the young girl,Could be either,More likely the old man,The old man,fetch
d,b02,b02c,doublematch,pronoun,Everyone was starting to get hungry.,The young boy was laying the dinner table. He asked whether the old man who was holding a cup could fetch him a large clean plate.,"Who does ""him"" refer to? ",The young boy,More likely the young boy,Could be either,More likely the old man,The old man,fetch
a,b02,b02d,singlematch,pronoun,Everyone was starting to get hungry.,The young girl was laying the dinner table. She asked whether the old man who was holding a cup could fetch her a large clean plate.,"Who does ""her"" refer to? ",The young girl,More likely the young girl,Could be either,More likely the old man,The old man,fetch
c,b03,b03a,doublematch,reflexive,It was the first day of Summer vacation. ,The young boy was spending a day at the beach. He was amazed to see that the old man who was carrying a bucket had built himself a magnificent sand castle.,"Who does ""himself"" refer to? ",The young boy,More likely the young boy,Could be either,More likely the old man,The old man,build
d,b03,b03b,singlematch,reflexive,It was the first day of Summer vacation. ,The young girl was spending a day at the beach. She was amazed to see that the old man who was carrying a bucket had built himself a magnificent sand castle.,"Who does ""himself"" refer to? ",The young girl,More likely the young girl,Could be either,More likely the old man,The old man,build
a,b03,b03c,doublematch,pronoun,It was the first day of Summer vacation. ,The young boy was spending a day at the beach. He was amazed to see that the old man who was carrying a bucket had built him a magnificent sand castle.,"Who does ""him"" refer to? ",The young boy,More likely the young boy,Could be either,More likely the old man,The old man,build
b,b03,b03d,singlematch,pronoun,It was the first day of Summer vacation. ,The young girl was spending a day at the beach. She was amazed to see that the old man who was carrying a bucket had built her a magnificent sand castle.,"Who does ""her"" refer to? ",The young girl,More likely the young girl,Could be either,More likely the old man,The old man,build
d,b04,b04a,doublematch,reflexive,It is interesting to learn how food is made.,The young boy was visiting a dairy farm. He watched as the old man who was sitting on a stool made himself some special rich cheese.,"Who does ""himself"" refer to? ",The young boy,More likely the young boy,Could be either,More likely the old man,The old man,make
a,b04,b04b,singlematch,reflexive,It is interesting to learn how food is made.,The young girl was visiting a dairy farm. She watched as the old man who was sitting on a stool made himself some special rich cheese.,"Who does ""himself"" refer to? ",The young girl,More likely the young girl,Could be either,More likely the old man,The old man,make
b,b04,b04c,doublematch,pronoun,It is interesting to learn how food is made.,The young boy was visiting a dairy farm. He watched as the old man who was sitting on a stool made him some special rich cheese.,"Who does ""him"" refer to? ",The young boy,More likely the young boy,Could be either,More likely the old man,The old man,make
c,b04,b04d,singlematch,pronoun,It is interesting to learn how food is made.,The young girl was visiting a dairy farm. She watched as the old man who was sitting on a stool made her some special rich cheese.,"Who does ""her"" refer to? ",The young girl,More likely the young girl,Could be either,More likely the old man,The old man,make
a,b05,b05a,doublematch,reflexive,Extracurricular activities can be a lot of fun.,The young boy was very interested in water sports. He wondered whether the old man who was reading a magazine had bought himself a new canoe.,"Who does ""himself"" refer to? ",The young boy,More likely the young boy,Could be either,More likely the old man,The old man,buy
b,b05,b05b,singlematch,reflexive,Extracurricular activities can be a lot of fun.,The young girl was very interested in water sports. She wondered whether the old man who was reading a magazine had bought himself a new canoe.,"Who does ""himself"" refer to? ",The young girl,More likely the young girl,Could be either,More likely the old man,The old man,buy
c,b05,b05c,doublematch,pronoun,Extracurricular activities can be a lot of fun.,The young boy was very interested in water sports. He wondered whether the old man who was reading a magazine had bought him a new canoe.,"Who does ""him"" refer to? ",The young boy,More likely the young boy,Could be either,More likely the old man,The old man,buy
d,b05,b05d,singlematch,pronoun,Extracurricular activities can be a lot of fun.,The young girl was very interested in water sports. She wondered whether the old man who was reading a magazine had bought her a new canoe.,"Who does ""her"" refer to? ",The young girl,More likely the young girl,Could be either,More likely the old man,The old man,buy
b,b06,b06a,doublematch,reflexive,Dinner would not be ready for a while.,The young boy was feeling a little peckish. He saw that the old man who was holding a nut cracker was cracking himself a huge walnut.,"Who does ""himself"" refer to? ",The young boy,More likely the young boy,Could be either,More likely the old man,The old man,crack
c,b06,b06b,singlematch,reflexive,Dinner would not be ready for a while.,The young girl was feeling a little peckish. She saw that the old man who was holding a nut cracker was cracking himself a huge walnut.,"Who does ""himself"" refer to? ",The young girl,More likely the young girl,Could be either,More likely the old man,The old man,crack
d,b06,b06c,doublematch,pronoun,Dinner would not be ready for a while.,The young boy was feeling a little peckish. He saw that the old man who was holding a nut cracker was cracking him a huge walnut.,"Who does ""him"" refer to? ",The young boy,More likely the young boy,Could be either,More likely the old man,The old man,crack
a,b06,b06d,singlematch,pronoun,Dinner would not be ready for a while.,The young girl was feeling a little peckish. She saw that the old man who was holding a nut cracker was cracking her a huge walnut.,"Who does ""her"" refer to? ",The young girl,More likely the young girl,Could be either,More likely the old man,The old man,crack
c,b07,b07a,doublematch,reflexive,It was almost time to eat lunch.,The young girl was sitting at the kitchen table. She watched as the old woman who was a great cook made herself a large salami pizza.,"Who does ""herself"" refer to? ",The young girl,More likely the young girl,Could be either,More likely the old woman,The old woman,make
d,b07,b07b,singlematch,reflexive,It was almost time to eat lunch.,The young boy was sitting at the kitchen table. He watched as the old woman who was a great cook made herself a large salami pizza.,"Who does ""herself"" refer to? ",The young boy,More likely the young boy,Could be either,More likely the old woman,The old woman,make
a,b07,b07c,doublematch,pronoun,It was almost time to eat lunch.,The young girl was sitting at the kitchen table. She watched as the old woman who was a great cook made her a large salami pizza.,"Who does ""her"" refer to? ",The young girl,More likely the young girl,Could be either,More likely the old woman,The old woman,make
b,b07,b07d,singlematch,pronoun,It was almost time to eat lunch.,The young boy was sitting at the kitchen table. He watched as the old woman who was a great cook made him a large salami pizza.,"Who does ""him"" refer to? ",The young boy,More likely the young boy,Could be either,More likely the old woman,The old woman,make
d,b08,b08a,doublematch,reflexive,It was an extra warm Saturday afternoon.,The young girl was sitting by the swimming pool. She noticed that the old woman who was holding a red purse had bought herself a large ice cream cone.,"Who does ""herself"" refer to? ",The young girl,More likely the young girl,Could be either,More likely the old woman,The old woman,buy
a,b08,b08b,singlematch,reflexive,It was an extra warm Saturday afternoon.,The young boy was sitting by the swimming pool. He noticed that the old woman who was holding a red purse had bought herself a large ice cream cone.,"Who does ""herself"" refer to? ",The young boy,More likely the young boy,Could be either,More likely the old woman,The old woman,buy
b,b08,b08c,doublematch,pronoun,It was an extra warm Saturday afternoon.,The young girl was sitting by the swimming pool. She noticed that the old woman who was holding a red purse had bought her a large ice cream cone.,"Who does ""her"" refer to? ",The young girl,More likely the young girl,Could be either,More likely the old woman,The old woman,buy
c,b08,b08d,singlematch,pronoun,It was an extra warm Saturday afternoon.,The young boy was sitting by the swimming pool. He noticed that the old woman who was holding a red purse had bought him a large ice cream cone.,"Who does ""him"" refer to? ",The young boy,More likely the young boy,Could be either,More likely the old woman,The old woman,buy
a,b09,b09a,doublematch,reflexive,Everyone was home for the weekend.,The young girl was feeling very hungry. She watched as the old woman who was holding a spoon baked herself a large apple pie.,"Who does ""herself"" refer to? ",The young girl,More likely the young girl,Could be either,More likely the old woman,The old woman,bake
b,b09,b09b,singlematch,reflexive,Everyone was home for the weekend.,The young boy was feeling very hungry. He watched as the old woman who was holding a spoon baked herself a large apple pie.,"Who does ""herself"" refer to? ",The young boy,More likely the young boy,Could be either,More likely the old woman,The old woman,bake
c,b09,b09c,doublematch,pronoun,Everyone was home for the weekend.,The young girl was feeling very hungry. She watched as the old woman who was holding a spoon baked her a large apple pie.,"Who does ""her"" refer to? ",The young girl,More likely the young girl,Could be either,More likely the old woman,The old woman,bake
d,b09,b09d,singlematch,pronoun,Everyone was home for the weekend.,The young boy was feeling very hungry. He watched as the old woman who was holding a spoon baked him a large apple pie.,"Who does ""him"" refer to? ",The young boy,More likely the young boy,Could be either,More likely the old woman,The old woman,bake
b,b10,b10a,doublematch,reflexive,It was a cold January afternoon.,The young girl watched the snow falling outside. She could hear that the old woman who was holding a shovel was making herself a log fire.,"Who does ""herself"" refer to? ",The young girl,More likely the young girl,Could be either,More likely the old woman,The old woman,make
c,b10,b10b,singlematch,reflexive,It was a cold January afternoon.,The young boy watched the snow falling outside. He could hear that the old woman who was holding a shovel  was making herself a log fire.,"Who does ""herself"" refer to? ",The young boy,More likely the young boy,Could be either,More likely the old woman,The old woman,make
d,b10,b10c,doublematch,pronoun,It was a cold January afternoon.,The young girl watched the snow falling outside. She could hear that the old woman who was holding a shovel  was making her a log fire.,"Who does ""her"" refer to? ",The young girl,More likely the young boy,Could be either,More likely the old woman,The old woman,make
a,b10,b10d,singlematch,pronoun,It was a cold January afternoon.,The young boy watched the snow falling outside. He could hear that the old woman who was holding a shovel  was making him a log fire.,"Who does ""him"" refer to? ",The young boy,More likely the young boy,Could be either,More likely the old woman,The old woman,make
c,b11,b11a,doublematch,reflexive,The holidays are a busy time for mail.,The old man was watching the customers in the post office. He wondered why the young boy who was wearing a dress shirt sent himself a small package.,"Who does ""himself"" refer to? ",The old man,More likely the old man,Could be either,More likely the young boy,The young boy,send
d,b11,b11b,singlematch,reflexive,The holidays are a busy time for mail.,The old woman was watching the customers in the post office. She wondered why the young boy who was wearing a dress shirt sent himself a small package.,"Who does ""himself"" refer to? ",The old woman,More likely the old woman,Could be either,More likely the young boy,The young boy,send
a,b11,b11c,doublematch,pronoun,The holidays are a busy time for mail.,The old man was watching the customers in the post office. He wondered why the young boy who was wearing a dress shirt sent him a small package.,"Who does ""him"" refer to? ",The old man,More likely the old man,Could be either,More likely the young boy,The young boy,send
b,b11,b11d,singlematch,pronoun,The holidays are a busy time for mail.,The old woman was watching the customers in the post office. She wondered why the young boy who was wearing a dress shirt sent her a small package.,"Who does ""her"" refer to? ",The old woman,More likely the old woman,Could be either,More likely the young boy,The young boy,send
d,b12,b12a,doublematch,reflexive,It was a quiet morning in the house.,The old man was standing in the kitchen. He noticed that the young boy who was holding a ladle boiled himself a large egg.,"Who does ""himself"" refer to? ",The old man,More likely the old man,Could be either,More likely the young boy,The young boy,boil
a,b12,b12b,singlematch,reflexive,It was a quiet morning in the house.,The old woman was standing in the kitchen. She noticed that the young boy who was holding a ladle boiled himself a large egg.,"Who does ""himself"" refer to? ",The old woman,More likely the old woman,Could be either,More likely the young boy,The young boy,boil
b,b12,b12c,doublematch,pronoun,It was a quiet morning in the house.,The old man was standing in the kitchen. He noticed that the young boy who was holding a ladle boiled him a large egg.,"Who does ""him"" refer to? ",The old man,More likely the old man,Could be either,More likely the young boy,The young boy,boil
c,b12,b12d,singlematch,pronoun,It was a quiet morning in the house.,The old woman was standing in the kitchen. She noticed that the young boy who was holding a ladle boiled her a large egg.,"Who does ""her"" refer to? ",The old woman,More likely the old woman,Could be either,More likely the young boy,The young boy,boil
a,b13,b13a,doublematch,reflexive,It takes practice to be a good musician.,The old man was listening very hard. He knew that the young boy who was practicing the piano found himself some new classical music pieces to play.,"Who does ""himself"" refer to? ",The old man,More likely the old man,Could be either,More likely the young boy,The young boy,find
b,b13,b13b,singlematch,reflexive,It takes practice to be a good musician.,The old woman was listening very hard. She knew that the young boy who was practicing the piano found himself some new classical music pieces to play.,"Who does ""himself"" refer to? ",The old woman,More likely the old woman,Could be either,More likely the young boy,The young boy,find
c,b13,b13c,doublematch,pronoun,It takes practice to be a good musician.,The old man was listening very hard. He knew that the young boy who was practicing the piano found him some new classical music pieces to play.,"Who does ""him"" refer to? ",The old man,More likely the old man,Could be either,More likely the young boy,The young boy,find
d,b13,b13d,singlematch,pronoun,It takes practice to be a good musician.,The old woman was listening very hard. She knew that the young boy who was practicing the piano found her some new classical music pieces to play.,"Who does ""her"" refer to? ",The old woman,More likely the old woman,Could be either,More likely the young boy,The young boy,find
b,b14,b14a,doublematch,reflexive,It had been a very mild October.,The old man was looking forward to Halloween. He knew that the young boy who was dressing up as a ghost had carved himself a giant pumpkin that would make a nice lantern.,"Who does ""himself"" refer to? ",The old man,More likely the old man,Could be either,More likely the young boy,The young boy,carve
c,b14,b14b,singlematch,reflexive,It had been a very mild October.,The old woman was looking forward to Halloween. She knew that the young boy who was dressing up as a ghost had carved himself a giant pumpkin that would make a nice lantern.,"Who does ""himself"" refer to? ",The old woman,More likely the old woman,Could be either,More likely the young boy,The young boy,carve
d,b14,b14c,doublematch,pronoun,It had been a very mild October.,The old man was looking forward to Halloween. He knew that the young boy who was dressing up as a ghost had carved him a giant pumpkin that would make a nice lantern.,"Who does ""him"" refer to? ",The old man,More likely the old man,Could be either,More likely the young boy,The young boy,carve
a,b14,b14d,singlematch,pronoun,It had been a very mild October.,The old woman was looking forward to Halloween. She knew that the young boy who was dressing up as a ghost had carved her a giant pumpkin that would make a nice lantern.,"Who does ""her"" refer to? ",The old woman,More likely the old woman,Could be either,More likely the young boy,The young boy,carve
c,b15,b15a,doublematch,reflexive,People often avoid talking in front of crowds.,The old man was very nervous before the TV interview. He suddenly realized that the young boy who was wearing headsets got himself a microphone.,"Who does ""himself"" refer to? ",The old man,More likely the old man,Could be either,More likely the young boy,The young boy,get
d,b15,b15b,singlematch,reflexive,People often avoid talking in front of crowds.,The old woman was very nervous before the TV interview. She suddenly realized that the young boy who was wearing headsets got himself a microphone.,"Who does ""himself"" refer to? ",The old woman,More likely the old woman,Could be either,More likely the young boy,The young boy,get
a,b15,b15c,doublematch,pronoun,People often avoid talking in front of crowds.,The old man was very nervous before the TV interview. He suddenly realized that the young boy who was wearing headsets got him a microphone.,"Who does ""him"" refer to? ",The old man,More likely the old man,Could be either,More likely the young boy,The young boy,get
b,b15,b15d,singlematch,pronoun,People often avoid talking in front of crowds.,The old woman was very nervous before the TV interview. She suddenly realized that the young boy who was wearing headsets got her a microphone.,"Who does ""her"" refer to? ",The old woman,More likely the old woman,Could be either,More likely the young boy,The young boy,get
d,b16,b16a,doublematch,reflexive,Warm layers are important in the cold months.,The old man knew that winter wasn't very far away. He smiled when the young boy who was wearing thick socks knit himself a long woolen scarf by the old fireplace.,"Who does ""himself"" refer to? ",The old man,More likely the old man,Could be either,More likely the young boy,The young boy,knit
a,b16,b16b,singlematch,reflexive,Warm layers are important in the cold months.,The old woman knew that winter wasn't very far away. She smiled when the young boy who was wearing thick socks knit himself a long woolen scarf by the old fireplace.,"Who does ""himself"" refer to? ",The old woman,More likely the old woman,Could be either,More likely the young boy,The young boy,knit
b,b16,b16c,doublematch,pronoun,Warm layers are important in the cold months.,The old man knew that winter wasn't very far away. He smiled when the young boy who was wearing thick socks knit him a long woolen scarf by the old fireplace.,"Who does ""him"" refer to? ",The old man,More likely the old man,Could be either,More likely the young boy,The young boy,knit
c,b16,b16d,singlematch,pronoun,Warm layers are important in the cold months.,The old woman knew that winter wasn't very far away. She smiled when the young boy who was wearing thick socks knit her a long woolen scarf by the old fireplace.,"Who does ""her"" refer to? ",The old woman,More likely the old woman,Could be either,More likely the young boy,The young boy,knit
a,b17,b17a,doublematch,reflexive,Everyone was winding down for the day.,The old man was very tired. He barely noticed that the young boy who was wearing a black shirt was noisily running himself a bath shortly after dinner.,"Who does ""himself"" refer to? ",The old man,More likely the old man,Could be either,More likely the young boy,The young boy,run
b,b17,b17b,singlematch,reflexive,Everyone was winding down for the day.,The old woman was very tired. She barely noticed that the young boy who was wearing a black shirt was noisily running himself a bath shortly after dinner.,"Who does ""himself"" refer to? ",The old woman,More likely the old woman,Could be either,More likely the young boy,The young boy,run
c,b17,b17c,doublematch,pronoun,Everyone was winding down for the day.,The old man was very tired. He barely noticed that the young boy who was wearing a black shirt was noisily running him a bath shortly after dinner.,"Who does ""him"" refer to? ",The old man,More likely the old man,Could be either,More likely the young boy,The young boy,run
d,b17,b17d,singlematch,pronoun,Everyone was winding down for the day.,The old woman was very tired. He barely noticed that the young boy who was wearing a black shirt was noisily running her a bath shortly after dinner.,"Who does ""her"" refer to? ",The old woman,More likely the old woman,Could be either,More likely the young boy,The young boy,run
b,b18,b18a,doublematch,reflexive,The inventive process can be very interesting.,The old man was fascinated by technology. He was impressed when the young boy who was holding a screwdriver built himself a toy robot from scrap metal and cardboard.,"Who does ""himself"" refer to? ",The old man,More likely the old man,Could be either,More likely the young boy,The young boy,build
c,b18,b18b,singlematch,reflexive,The inventive process can be very interesting.,The old woman was fascinated by technology. She was impressed when the young boy who was holding a screwdriver built himself a toy robot from scrap metal and cardboard.,"Who does ""himself"" refer to? ",The old woman,More likely the old woman,Could be either,More likely the young boy,The young boy,build
d,b18,b18c,doublematch,pronoun,The inventive process can be very interesting.,The old man was fascinated by technology. He was impressed when the young boy who was holding a screwdriver built him a toy robot from scrap metal and cardboard.,"Who does ""him"" refer to? ",The old man,More likely the old man,Could be either,More likely the young boy,The young boy,build
a,b18,b18d,singlematch,pronoun,The inventive process can be very interesting.,The old woman was fascinated by technology. She was impressed when the young boy who was holding a screwdriver built her a toy robot from scrap metal and cardboard.,"Who does ""her"" refer to? ",The old woman,More likely the old woman,Could be either,More likely the young boy,The young boy,build
c,b19,b19a,doublematch,reflexive,Christmas is a busy time for shopping.,The old woman was looking around the toy shop. She frowned when the young girl who was eating a lollipop bought herself a broken toy.,"Who does ""herself"" refer to? ",The old woman,More likely the old woman,Could be either,More likely the young girl,The young girl,buy
d,b19,b19b,singlematch,reflexive,Christmas is a busy time for shopping.,The old man was looking around the toy shop. He frowned when the young girl who was eating a lollipop bought herself a broken toy.,"Who does ""herself"" refer to? ",The old man,More likely the old man,Could be either,More likely the young girl,The young girl,buy
a,b19,b19c,doublematch,pronoun,Christmas is a busy time for shopping.,The old woman was looking around the toy shop. She frowned when the young girl who was eating a lollipop bought her a broken toy.,"Who does ""her"" refer to? ",The old woman,More likely the old woman,Could be either,More likely the young girl,The young girl,buy
b,b19,b19d,singlematch,pronoun,Christmas is a busy time for shopping.,The old man was looking around the toy shop. He frowned when the young girl who was eating a lollipop bought him a broken toy.,"Who does ""him"" refer to? ",The old man,More likely the old man,Could be either,More likely the young girl,The young girl,buy
d,b20,b20a,doublematch,reflexive,There is a lot to learn about the world.,The old woman used to teach geography. She was pleased to see that the young girl who was holding a paint brush drew herself a large colourful map.,"Who does ""herself"" refer to? ",The old woman,More likely the old woman,Could be either,More likely the young girl,The young girl,draw
a,b20,b20b,singlematch,reflexive,There is a lot to learn about the world.,The old man used to teach geography. He was pleased to see that the young girl who was holding a paint brush drew herself a large colourful map.,"Who does ""herself"" refer to? ",The old man,More likely the old man,Could be either,More likely the young girl,The young girl,draw
b,b20,b20c,doublematch,pronoun,There is a lot to learn about the world.,The old woman used to teach geography. She was pleased to see that the young girl who was holding a paint brush drew her a large colourful map.,"Who does ""her"" refer to? ",The old woman,More likely the old woman,Could be either,More likely the young girl,The young girl,draw
c,b20,b20d,singlematch,pronoun,There is a lot to learn about the world.,The old man used to teach geography. He was pleased to see that the young girl who was holding a paint brush drew him a large colourful map.,"Who does ""him"" refer to? ",The old man,More likely the old man,Could be either,More likely the young girl,The young girl,draw
a,b21,b21a,doublematch,reflexive,Not everyone approves of drinking.,The old woman was grim-looking. She was annoyed when the young girl who was swinging a wine bottle bought herself a rum cocktail with an umbrella.,"Who does ""herself"" refer to? ",The old woman,More likely the old woman,Could be either,More likely the young girl,The young girl,buy
b,b21,b21b,singlematch,reflexive,Not everyone approves of drinking.,The old man was grim-looking. He was annoyed when the young girl who was swinging a wine bottle bought herself a rum cocktail with an umbrella.,"Who does ""herself"" refer to? ",The old man,More likely the old man,Could be either,More likely the young girl,The young girl,buy
c,b21,b21c,doublematch,pronoun,Not everyone approves of drinking.,The old woman was grim-looking. She was annoyed when the young girl who was swinging a wine bottle bought her a rum cocktail with an umbrella.,"Who does ""her"" refer to? ",The old woman,More likely the old woman,Could be either,More likely the young girl,The young girl,buy
d,b21,b21d,singlematch,pronoun,Not everyone approves of drinking.,The old man was grim-looking. He was annoyed when the young girl who was swinging a wine bottle bought him a rum cocktail with an umbrella.,"Who does ""him"" refer to? ",The old man,More likely the old man,Could be either,More likely the young girl,The young girl,buy
b,b22,b22a,doublematch,reflexive,A cold drink can be refreshing on a warm day.,The old woman was making some lemonade. She asked whether the young girl who was chilling on the couch could fetch herself a clean glass.,"Who does ""herself"" refer to? ",The old woman,More likely the old woman,Could be either,More likely the young girl,The young girl,fetch
c,b22,b22b,singlematch,reflexive,A cold drink can be refreshing on a warm day.,The old man was making some lemonade. He asked whether the young girl who was chilling on the couch could fetch herself a clean glass.,"Who does ""herself"" refer to? ",The old man,More likely the old man,Could be either,More likely the young girl,The young girl,fetch
a,b22,b22c,doublematch,pronoun,A cold drink can be refreshing on a warm day.,The old woman was making some lemonade. She asked whether the young girl who was chilling on the couch could fetch her a clean glass.,"Who does ""her"" refer to? ",The old woman,More likely the old woman,Could be either,More likely the young girl,The young girl,fetch
b,b22,b22d,singlematch,pronoun,A cold drink can be refreshing on a warm day.,The old man was making some lemonade. He asked whether the young girl who was chilling on the couch could fetch him a clean glass.,"Who does ""him"" refer to? ",The old man,More likely the old man,Could be either,More likely the young girl,The young girl,fetch
c,b23,b23a,doublematch,reflexive,Some people are more sensitive than others.,The old woman couldn't stand the sight of blood. She was relieved when the young girl who was carrying a first aid kit patched herself with a band aid.,"Who does ""herself"" refer to? ",The old woman,More likely the old woman,Could be either,More likely the young girl,The young girl,patch
d,b23,b23b,singlematch,reflexive,Some people are more sensitive than others.,The old man couldn't stand the sight of blood. He was relieved when the young girl who was carrying a first aid kit patched herself with a band aid.,"Who does ""herself"" refer to? ",The old man,More likely the old man,Could be either,More likely the young girl,The young girl,patch
a,b23,b23c,doublematch,pronoun,Some people are more sensitive than others.,The old woman couldn't stand the sight of blood. She was relieved when the young girl who was carrying a first aid kit patched her with a band aid.,"Who does ""her"" refer to? ",The old woman,More likely the old woman,Could be either,More likely the young girl,The young girl,patch
b,b23,b23d,singlematch,pronoun,Some people are more sensitive than others.,The old man couldn't stand the sight of blood. He was relieved when the young girl who was carrying a first aid kit patched him with a band aid.,"Who does ""him"" refer to? ",The old man,More likely the old man,Could be either,More likely the young girl,The young girl,patch
d,b24,b24a,doublematch,reflexive,Clothes can say a lot about a person.,The old woman is a fashion designer. She was pleased to see that the young girl who was wearing a smart suit made herself a beautiful brown belt.,"Who does ""herself"" refer to? ",The old woman,More likely the old woman,Could be either,More likely the young girl,The young girl,make
a,b24,b24b,singlematch,reflexive,Clothes can say a lot about a person.,The old man is a fashion designer. He was pleased to see that the young girl who was wearing a smart suit made herself a beautiful brown belt.,"Who does ""herself"" refer to? ",The old man,More likely the old man,Could be either,More likely the young girl,The young girl,make
b,b24,b24c,doublematch,pronoun,Clothes can say a lot about a person.,The old woman is a fashion designer. She was pleased to see that the young girl who was wearing a smart suit made her a beautiful brown belt.,"Who does ""her"" refer to? ",The old woman,More likely the old woman,Could be either,More likely the young girl,The young girl,make
c,b24,b24d,singlematch,pronoun,Clothes can say a lot about a person.,The old man is a fashion designer. He was pleased to see that the young girl who was wearing a smart suit made him a beautiful brown belt.,"Who does ""him"" refer to? ",The old man,More likely the old man,Could be either,More likely the young girl,The young girl,make
a,b25,bfiller,filler,filler,New jobs can be very stressful.,The new hires were going to start next week. Michael assured Matthew that he was prepared for the new job at the factory.,"Who does ""he"" refer to?",Michael,More likely Michael,Could be either,More likely Matthew,Matthew,
a,b26,bfiller,filler,filler,Extra help can make everything run smoother.,Summer was a very busy time for hotdog sales. Andrew convinced Joseph that he would benefit from the extra help at the snack bar.,"Who does ""he"" refer to?",Andrew,More likely Andrew,Could be either,More likely Joseph,Jospeh,
a,b27,bfiller,filler,filler,New recipes can be fun to try.,The kitchen was missing a lot of necessities. Tyler told David that he would need a food processor to make that recipe.,"Who does ""he"" refer to?",Tyler,More likely Tyler,Could be either,More likely David,David,
a,b28,bfiller,filler,filler,Religion is very important to some people.,Church attendance had been very low lately. Robert informed Justin that he has to attend Sunday morning mass this week.,"Who does ""he"" refer to?",Robert,More likely Robert,Could be either,More likely Justin,Justin,
a,b29,bfiller,filler,filler,Some say a vegetarian diet is very healthy.,It had been hard to be strict about the new diet. Kyle reminded Cole that he couldn't eat that lasagna because it wasn't vegetarian.,"Who does ""he"" refer to?",Kyle,More likely Kyle,Could be either,More likely Cole,Cole,
a,b30,bfiller,filler,filler,Extra help is always needed during election season.,Everyone was already volunteering extra hours. Emily told Sarah that she should recruit a new intern for the senate campaign.,"Who does ""she"" refer to?",Emily,More likely Emily,Could be either,More likely Sarah,Sarah,
a,b31,bfiller,filler,filler,Collaborating with others can be difficult.,All the interns were very eager to learn. Brittany showed Samantha that she could create high quality designs for even the pickiest clients,"Who does ""she"" refer to?",Brittany,More likely Brittany,Could be either,More likely Samantha,Samantha,
a,b32,bfiller,filler,filler,It is important to take time off when injured.,The restaurant was always busiest for breakfast. Amanda warned Hannah that she couldn't work the morning shift because of her shoulder injury.,"Who does ""she"" refer to?",Amanda,More likely Amanda,Could be either,More likely Hannah,Hannah,
a,b33,bfiller,filler,filler,Paperwork can be very confusing.,Everyone was feeling especially stressed. Olivia warned Shelby that she didn't have all the documents for the immigration official.,"Who does ""she"" refer to?",Olivia,More likely Olivia,Could be either,More likely Shelby,Shelby,
a,b34,bfiller,filler,filler,Interviews can be very difficult.,Thankfully everyone seemed to be in a good mood. Jennifer convinced Victoria that she was perfect for that position in the foreign services.,"Who does ""she"" refer to?",Jennifer,More likely Jennifer,Could be either,More likely Victoria,Victoria,
a,b35,bfiller,filler,filler,All the graduates were relieved.,The ceremony was coming to an end. Tiffany warned Chelsea that she was unprepared to give a speech at the graduation ceremony.,"Who does ""she"" refer to?",Tiffany,More likely Tiffany,Could be either,More likely Chelsea,Chelsea,
a,b36,bfiller,filler,filler,Home repairs are very stressful.,The renovations had taken months already. Michelle told Kaitlyn that she would need to hire more repairmen.,"Who does ""she"" refer to?",Michelle,More likely Michelle,Could be either,More likely Kaitlyn,Kaitlyn,
a,b37,bfiller,filler,filler,Funding can be hard to come by.,Everyone was feeling optimistic. The Pope promised the Priest that he would get funding for human rights campaigns.,"Who does ""he"" refer to?",The Pope,More likely the Pope,Could be either,More likely the priest,The priest,
a,b38,bfiller,filler,filler,Rainy weather can put people in a bad mood.,The family was annoyed with the conversation. The little boy told the unhappy old man that he shouldn't complain about the weather at the dinner table.,"Who does ""he"" refer to?",The little boy,More likely the little boy,Could be either,More likely the unhappy old man,The unhappy old man,
a,b39,bfiller,filler,filler,Picking a new leader is serious work.,The people were very impressed. The young prince showed the revered king that he would be a fine leader of the Tharassian empire.,"Who does ""he"" refer to?",The young prince,More likely the young prince,Could be either,More likely the revered king,The revered king,
a,b40,bfiller,filler,filler,It is important to give credit where it is due.,It was a proud moment for everyone. The policeman notified the male cadet that he had received a medal of honor for his ethical conduct.,"Who does ""he"" refer to?",The policeman,More likely the policeman,Could be either,More likely the male cadet,The male cadet,
a,b41,bfiller,filler,filler,Joking with colleagues can be fun.,"Thankfully everyone could take a joke. We mocked the manager of the computer technician when he was making coffee, but nobody got upset.","Who does ""he"" refer to?",The manager,More likely the manager,Could be either,More likely the computer technician,The computer technician,
a,b42,bfiller,filler,filler,It is important to not be overoptimistic.,The firm was very competive. The elderly gentleman warned the young man that he was unlikely to be hired by the advertising firm.,"Who does ""he"" refer to?",The elderly gentleman,More likely the elderly gentleman,Could be either,More likely the young man,The young man,
a,b43,bfiller,filler,filler,It had been a wild night.,Everyone had had too much to drink. The frat brother said to the teenage boy that he would get very sick because of the bad wine.,"Who does ""he"" refer to?",The frat brother,More likely the frat brother,Could be either,More likely the teenage boy,The teenage boy,
a,b44,bfiller,filler,filler,Weddings are very stressful.,No one was in a good mood. The bridesmaid warned the bride that she might receive an important call during the ceremony.,"Who does ""she"" refer to?",The bridesmaid,More likely the bridesmaid,Could be either,More likely the bride,The bride,
a,b45,bfiller,filler,filler,The event was getting closer.,Everyone was busy preparing the house. The duchess mentioned to the housemaid that she needed to send out the invitations for the ball.,"Who does ""she"" refer to?",The duchess,More likely the duchess,Could be either,More likely the housemaid,The housemaid,
a,b46,bfiller,filler,filler,Taking inventory is a tedious job.,The numbers were not adding up. The saleswoman suggested to the young woman that she would need to completely redo the most recent inventory.,"Who does ""she"" refer to?",The saleswoman,More likely the saleswoman,Could be either,More likely the young woman,The young woman,
a,b47,bfiller,filler,filler,It was a slow day at the restaurant.,Everyoen was feeling very chatty. The waitress told the young lady that she would enjoy any movie that starred Winona Ryder,"Who does ""she"" refer to?",The waitress,More likely the waitress,Could be either,More likely the young lady,The young lady,
a,b48,bfiller,filler,filler,Celebrity interviews can be tiring.,The interview was not going well. The actress complained to the spokeswoman that she was perceived as unfriendly and not very charitable.,"Who does ""she"" refer to?",The actress,More likely the actress,Could be either,More likely the spokeswoman,The spokeswoman,
a,b49,bfiller,filler,filler,The school day was almost over.,Everyone was happy with the winter fundraiser. The schoolgirl revealed to the headmistress that she had won the school raffle for a new snowmobile.,"Who does ""she"" refer to?",The schoolgirl,More likely the schoolgirl,Could be either,More likely headmistress,The headmistress,
a,b50,bfiller,filler,filler,It had been a lovely garden party.,"The lemonade was especially delicious. We complimented the maid of the actress when she was in the yard, and it went over well.","Who does ""she"" refer to?",The maid,More likely the maid,Could be either,More likely the actress,The actress,
a,b51,bfiller,filler,filler,It can be hard to get ahold of people.,"Many people are away from work during the summer. We called the secretary of the businesswoman when she was on vacation, but there was no answer.","Who does ""she"" refer to?",The secretary,More likely the secretary,Could be either,More likely the businesswoman,The businesswoman,
a,b52,bfiller,filler,filler,It had been a long day.,"Everyone was saying goodbye. The kids waved to the grandmother of the stewardess when she was leaving, but were ignored.","Who does ""she"" refer to?",The grandmother,More likely the grandmother,Could be either ,More likely the stewardess,The stewardess,
a,b53,bfiller,filler,filler,Wedding planning is very time consuming.,Everyone seemed ready for the big day. I e-mailed the receptionist of the wedding planner after she had left to check in on things.,"Who does ""she"" refer to?",The receptionist,More likely the receptionist,Could be either,More likely the wedding planner,The wedding planner,
a,b54,bfiller,filler,filler,Some children are very badly behaved.,The parents were out of town. We spoke to the babysitter of the girl when she got home in order to resolve a conflict.,"Who does ""she"" refer to?",The babysitter,More likely the babysitter,Could be either,More likely the girl,The girl,
a,b55,bfiller,filler,filler,It is important to do research.,Consumer reviews can be very helpful. I googled the masseuse of the boutique owner after she gave me a card to read the reviews.,"Who does ""she"" refer to?",The masseuse,More likely the masseuse,Could be either,More likely the boutique owner,The boutique owner,
a,b56,bfiller,filler,filler,The fashion world is very fast paced.,"Not everyone is friendly. We said hello to the sister of the fashion model when she arrived, but didn't get a response.","Who does ""she"" refer to?",The sister,More likely the sister,Could be either,More likely the fashion model,The fashion model,
a,b57,bfiller,filler,filler,Being shy can make it hard to date.,"Everyone was having a good time. I admired the daughter of the romance novelist when she was dancing, but didn't let it show.","Who does ""she"" refer to?",The daughter,More likely the daughter,Could be either,More likely the romance novelist,The romance novelist,
a,b58,bfiller,filler,filler,Gossip is hard to avoid.,"Everyone was talking about the royal family. The guards discussed the grandmother of the princess after she sold the palace, but only in whispers.","Who does ""she"" refer to?",The grandmother,More likely the grandmother,Could be either,More likely the princess,The princess,
a,b59,bfiller,filler,filler,It can be expensive to go to the salon.,"No one wanted to pay full price for a haircut. We called the hairdresser of the cheerleader after she left school, mostly to ask about prices.","Who does ""she"" refer to?",The hairdresser,More likely the hairdresser,Could be either,More likely the cheerleader,The cheerleader,
a,b60,bfiller,filler,filler,Travel can be very exciting.,"Everyone was in a good mood when the guests arrived. We chatted with the housekeeper of the heiress when she visited New York, and it was nice.","Who does ""she"" refer to?",The housekeeper,More likely the housekeeper,Could be either,More likely the heiress,The heiress,
b,b25,bfiller,filler,filler,New jobs can be very stressful.,The new hires were going to start next week. Michael assured Matthew that he was prepared for the new job at the factory.,"Who does ""he"" refer to?",Michael,More likely Michael,Could be either,More likely Matthew,Matthew,
b,b26,bfiller,filler,filler,Extra help can make everything run smoother.,Summer was a very busy time for hotdog sales. Andrew convinced Joseph that he would benefit from the extra help at the snack bar.,"Who does ""he"" refer to?",Andrew,More likely Andrew,Could be either,More likely Joseph,Jospeh,
b,b27,bfiller,filler,filler,New recipes can be fun to try.,The kitchen was missing a lot of necessities. Tyler told David that he would need a food processor to make that recipe.,"Who does ""he"" refer to?",Tyler,More likely Tyler,Could be either,More likely David,David,
b,b28,bfiller,filler,filler,Religion is very important to some people.,Church attendance had been very low lately. Robert informed Justin that he has to attend Sunday morning mass this week.,"Who does ""he"" refer to?",Robert,More likely Robert,Could be either,More likely Justin,Justin,
b,b29,bfiller,filler,filler,Some say a vegetarian diet is very healthy.,It had been hard to be strict about the new diet. Kyle reminded Cole that he couldn't eat that lasagna because it wasn't vegetarian.,"Who does ""he"" refer to?",Kyle,More likely Kyle,Could be either,More likely Cole,Cole,
b,b30,bfiller,filler,filler,Extra help is always needed during election season.,Everyone was already volunteering extra hours. Emily told Sarah that she should recruit a new intern for the senate campaign.,"Who does ""she"" refer to?",Emily,More likely Emily,Could be either,More likely Sarah,Sarah,
b,b31,bfiller,filler,filler,Collaborating with others can be difficult.,All the interns were very eager to learn. Brittany showed Samantha that she could create high quality designs for even the pickiest clients,"Who does ""she"" refer to?",Brittany,More likely Brittany,Could be either,More likely Samantha,Samantha,
b,b32,bfiller,filler,filler,It is important to take time off when injured.,The restaurant was always busiest for breakfast. Amanda warned Hannah that she couldn't work the morning shift because of her shoulder injury.,"Who does ""she"" refer to?",Amanda,More likely Amanda,Could be either,More likely Hannah,Hannah,
b,b33,bfiller,filler,filler,Paperwork can be very confusing.,Everyone was feeling especially stressed. Olivia warned Shelby that she didn't have all the documents for the immigration official.,"Who does ""she"" refer to?",Olivia,More likely Olivia,Could be either,More likely Shelby,Shelby,
b,b34,bfiller,filler,filler,Interviews can be very difficult.,Thankfully everyone seemed to be in a good mood. Jennifer convinced Victoria that she was perfect for that position in the foreign services.,"Who does ""she"" refer to?",Jennifer,More likely Jennifer,Could be either,More likely Victoria,Victoria,
b,b35,bfiller,filler,filler,All the graduates were relieved.,The ceremony was coming to an end. Tiffany warned Chelsea that she was unprepared to give a speech at the graduation ceremony.,"Who does ""she"" refer to?",Tiffany,More likely Tiffany,Could be either,More likely Chelsea,Chelsea,
b,b36,bfiller,filler,filler,Home repairs are very stressful.,The renovations had taken months already. Michelle told Kaitlyn that she would need to hire more repairmen.,"Who does ""she"" refer to?",Michelle,More likely Michelle,Could be either,More likely Kaitlyn,Kaitlyn,
b,b37,bfiller,filler,filler,Funding can be hard to come by.,Everyone was feeling optimistic. The Pope promised the Priest that he would get funding for human rights campaigns.,"Who does ""he"" refer to?",The Pope,More likely the Pope,Could be either,More likely the priest,The priest,
b,b38,bfiller,filler,filler,Rainy weather can put people in a bad mood.,The family was annoyed with the conversation. The little boy told the unhappy old man that he shouldn't complain about the weather at the dinner table.,"Who does ""he"" refer to?",The little boy,More likely the little boy,Could be either,More likely the unhappy old man,The unhappy old man,
b,b39,bfiller,filler,filler,Picking a new leader is serious work.,The people were very impressed. The young prince showed the revered king that he would be a fine leader of the Tharassian empire.,"Who does ""he"" refer to?",The young prince,More likely the young prince,Could be either,More likely the revered king,The revered king,
b,b40,bfiller,filler,filler,It is important to give credit where it is due.,It was a proud moment for everyone. The policeman notified the male cadet that he had received a medal of honor for his ethical conduct.,"Who does ""he"" refer to?",The policeman,More likely the policeman,Could be either,More likely the male cadet,The male cadet,
b,b41,bfiller,filler,filler,Joking with colleagues can be fun.,"Thankfully everyone could take a joke. We mocked the manager of the computer technician when he was making coffee, but nobody got upset.","Who does ""he"" refer to?",The manager,More likely the manager,Could be either,More likely the computer technician,The computer technician,
b,b42,bfiller,filler,filler,It is important to not be overoptimistic.,The firm was very competive. The elderly gentleman warned the young man that he was unlikely to be hired by the advertising firm.,"Who does ""he"" refer to?",The elderly gentleman,More likely the elderly gentleman,Could be either,More likely the young man,The young man,
b,b43,bfiller,filler,filler,It had been a wild night.,Everyone had had too much to drink. The frat brother said to the teenage boy that he would get very sick because of the bad wine.,"Who does ""he"" refer to?",The frat brother,More likely the frat brother,Could be either,More likely the teenage boy,The teenage boy,
b,b44,bfiller,filler,filler,Weddings are very stressful.,No one was in a good mood. The bridesmaid warned the bride that she might receive an important call during the ceremony.,"Who does ""she"" refer to?",The bridesmaid,More likely the bridesmaid,Could be either,More likely the bride,The bride,
b,b45,bfiller,filler,filler,The event was getting closer.,Everyone was busy preparing the house. The duchess mentioned to the housemaid that she needed to send out the invitations for the ball.,"Who does ""she"" refer to?",The duchess,More likely the duchess,Could be either,More likely the housemaid,The housemaid,
b,b46,bfiller,filler,filler,Taking inventory is a tedious job.,The numbers were not adding up. The saleswoman suggested to the young woman that she would need to completely redo the most recent inventory.,"Who does ""she"" refer to?",The saleswoman,More likely the saleswoman,Could be either,More likely the young woman,The young woman,
b,b47,bfiller,filler,filler,It was a slow day at the restaurant.,Everyoen was feeling very chatty. The waitress told the young lady that she would enjoy any movie that starred Winona Ryder,"Who does ""she"" refer to?",The waitress,More likely the waitress,Could be either,More likely the young lady,The young lady,
b,b48,bfiller,filler,filler,Celebrity interviews can be tiring.,The interview was not going well. The actress complained to the spokeswoman that she was perceived as unfriendly and not very charitable.,"Who does ""she"" refer to?",The actress,More likely the actress,Could be either,More likely the spokeswoman,The spokeswoman,
b,b49,bfiller,filler,filler,The school day was almost over.,Everyone was happy with the winter fundraiser. The schoolgirl revealed to the headmistress that she had won the school raffle for a new snowmobile.,"Who does ""she"" refer to?",The schoolgirl,More likely the schoolgirl,Could be either,More likely headmistress,The headmistress,
b,b50,bfiller,filler,filler,It had been a lovely garden party.,"The lemonade was especially delicious. We complimented the maid of the actress when she was in the yard, and it went over well.","Who does ""she"" refer to?",The maid,More likely the maid,Could be either,More likely the actress,The actress,
b,b51,bfiller,filler,filler,It can be hard to get ahold of people.,"Many people are away from work during the summer. We called the secretary of the businesswoman when she was on vacation, but there was no answer.","Who does ""she"" refer to?",The secretary,More likely the secretary,Could be either,More likely the businesswoman,The businesswoman,
b,b52,bfiller,filler,filler,It had been a long day.,"Everyone was saying goodbye. The kids waved to the grandmother of the stewardess when she was leaving, but were ignored.","Who does ""she"" refer to?",The grandmother,More likely the grandmother,Could be either ,More likely the stewardess,The stewardess,
b,b53,bfiller,filler,filler,Wedding planning is very time consuming.,Everyone seemed ready for the big day. I e-mailed the receptionist of the wedding planner after she had left to check in on things.,"Who does ""she"" refer to?",The receptionist,More likely the receptionist,Could be either,More likely the wedding planner,The wedding planner,
b,b54,bfiller,filler,filler,Some children are very badly behaved.,The parents were out of town. We spoke to the babysitter of the girl when she got home in order to resolve a conflict.,"Who does ""she"" refer to?",The babysitter,More likely the babysitter,Could be either,More likely the girl,The girl,
b,b55,bfiller,filler,filler,It is important to do research.,Consumer reviews can be very helpful. I googled the masseuse of the boutique owner after she gave me a card to read the reviews.,"Who does ""she"" refer to?",The masseuse,More likely the masseuse,Could be either,More likely the boutique owner,The boutique owner,
b,b56,bfiller,filler,filler,The fashion world is very fast paced.,"Not everyone is friendly. We said hello to the sister of the fashion model when she arrived, but didn't get a response.","Who does ""she"" refer to?",The sister,More likely the sister,Could be either,More likely the fashion model,The fashion model,
b,b57,bfiller,filler,filler,Being shy can make it hard to date.,"Everyone was having a good time. I admired the daughter of the romance novelist when she was dancing, but didn't let it show.","Who does ""she"" refer to?",The daughter,More likely the daughter,Could be either,More likely the romance novelist,The romance novelist,
b,b58,bfiller,filler,filler,Gossip is hard to avoid.,"Everyone was talking about the royal family. The guards discussed the grandmother of the princess after she sold the palace, but only in whispers.","Who does ""she"" refer to?",The grandmother,More likely the grandmother,Could be either,More likely the princess,The princess,
b,b59,bfiller,filler,filler,It can be expensive to go to the salon.,"No one wanted to pay full price for a haircut. We called the hairdresser of the cheerleader after she left school, mostly to ask about prices.","Who does ""she"" refer to?",The hairdresser,More likely the hairdresser,Could be either,More likely the cheerleader,The cheerleader,
b,b60,bfiller,filler,filler,Travel can be very exciting.,"Everyone was in a good mood when the guests arrived. We chatted with the housekeeper of the heiress when she visited New York, and it was nice.","Who does ""she"" refer to?",The housekeeper,More likely the housekeeper,Could be either,More likely the heiress,The heiress,
c,b25,bfiller,filler,filler,New jobs can be very stressful.,The new hires were going to start next week. Michael assured Matthew that he was prepared for the new job at the factory.,"Who does ""he"" refer to?",Michael,More likely Michael,Could be either,More likely Matthew,Matthew,
c,b26,bfiller,filler,filler,Extra help can make everything run smoother.,Summer was a very busy time for hotdog sales. Andrew convinced Joseph that he would benefit from the extra help at the snack bar.,"Who does ""he"" refer to?",Andrew,More likely Andrew,Could be either,More likely Joseph,Jospeh,
c,b27,bfiller,filler,filler,New recipes can be fun to try.,The kitchen was missing a lot of necessities. Tyler told David that he would need a food processor to make that recipe.,"Who does ""he"" refer to?",Tyler,More likely Tyler,Could be either,More likely David,David,
c,b28,bfiller,filler,filler,Religion is very important to some people.,Church attendance had been very low lately. Robert informed Justin that he has to attend Sunday morning mass this week.,"Who does ""he"" refer to?",Robert,More likely Robert,Could be either,More likely Justin,Justin,
c,b29,bfiller,filler,filler,Some say a vegetarian diet is very healthy.,It had been hard to be strict about the new diet. Kyle reminded Cole that he couldn't eat that lasagna because it wasn't vegetarian.,"Who does ""he"" refer to?",Kyle,More likely Kyle,Could be either,More likely Cole,Cole,
c,b30,bfiller,filler,filler,Extra help is always needed during election season.,Everyone was already volunteering extra hours. Emily told Sarah that she should recruit a new intern for the senate campaign.,"Who does ""she"" refer to?",Emily,More likely Emily,Could be either,More likely Sarah,Sarah,
c,b31,bfiller,filler,filler,Collaborating with others can be difficult.,All the interns were very eager to learn. Brittany showed Samantha that she could create high quality designs for even the pickiest clients,"Who does ""she"" refer to?",Brittany,More likely Brittany,Could be either,More likely Samantha,Samantha,
c,b32,bfiller,filler,filler,It is important to take time off when injured.,The restaurant was always busiest for breakfast. Amanda warned Hannah that she couldn't work the morning shift because of her shoulder injury.,"Who does ""she"" refer to?",Amanda,More likely Amanda,Could be either,More likely Hannah,Hannah,
c,b33,bfiller,filler,filler,Paperwork can be very confusing.,Everyone was feeling especially stressed. Olivia warned Shelby that she didn't have all the documents for the immigration official.,"Who does ""she"" refer to?",Olivia,More likely Olivia,Could be either,More likely Shelby,Shelby,
c,b34,bfiller,filler,filler,Interviews can be very difficult.,Thankfully everyone seemed to be in a good mood. Jennifer convinced Victoria that she was perfect for that position in the foreign services.,"Who does ""she"" refer to?",Jennifer,More likely Jennifer,Could be either,More likely Victoria,Victoria,
c,b35,bfiller,filler,filler,All the graduates were relieved.,The ceremony was coming to an end. Tiffany warned Chelsea that she was unprepared to give a speech at the graduation ceremony.,"Who does ""she"" refer to?",Tiffany,More likely Tiffany,Could be either,More likely Chelsea,Chelsea,
c,b36,bfiller,filler,filler,Home repairs are very stressful.,The renovations had taken months already. Michelle told Kaitlyn that she would need to hire more repairmen.,"Who does ""she"" refer to?",Michelle,More likely Michelle,Could be either,More likely Kaitlyn,Kaitlyn,
c,b37,bfiller,filler,filler,Funding can be hard to come by.,Everyone was feeling optimistic. The Pope promised the Priest that he would get funding for human rights campaigns.,"Who does ""he"" refer to?",The Pope,More likely the Pope,Could be either,More likely the priest,The priest,
c,b38,bfiller,filler,filler,Rainy weather can put people in a bad mood.,The family was annoyed with the conversation. The little boy told the unhappy old man that he shouldn't complain about the weather at the dinner table.,"Who does ""he"" refer to?",The little boy,More likely the little boy,Could be either,More likely the unhappy old man,The unhappy old man,
c,b39,bfiller,filler,filler,Picking a new leader is serious work.,The people were very impressed. The young prince showed the revered king that he would be a fine leader of the Tharassian empire.,"Who does ""he"" refer to?",The young prince,More likely the young prince,Could be either,More likely the revered king,The revered king,
c,b40,bfiller,filler,filler,It is important to give credit where it is due.,It was a proud moment for everyone. The policeman notified the male cadet that he had received a medal of honor for his ethical conduct.,"Who does ""he"" refer to?",The policeman,More likely the policeman,Could be either,More likely the male cadet,The male cadet,
c,b41,bfiller,filler,filler,Joking with colleagues can be fun.,"Thankfully everyone could take a joke. We mocked the manager of the computer technician when he was making coffee, but nobody got upset.","Who does ""he"" refer to?",The manager,More likely the manager,Could be either,More likely the computer technician,The computer technician,
c,b42,bfiller,filler,filler,It is important to not be overoptimistic.,The firm was very competive. The elderly gentleman warned the young man that he was unlikely to be hired by the advertising firm.,"Who does ""he"" refer to?",The elderly gentleman,More likely the elderly gentleman,Could be either,More likely the young man,The young man,
c,b43,bfiller,filler,filler,It had been a wild night.,Everyone had had too much to drink. The frat brother said to the teenage boy that he would get very sick because of the bad wine.,"Who does ""he"" refer to?",The frat brother,More likely the frat brother,Could be either,More likely the teenage boy,The teenage boy,
c,b44,bfiller,filler,filler,Weddings are very stressful.,No one was in a good mood. The bridesmaid warned the bride that she might receive an important call during the ceremony.,"Who does ""she"" refer to?",The bridesmaid,More likely the bridesmaid,Could be either,More likely the bride,The bride,
c,b45,bfiller,filler,filler,The event was getting closer.,Everyone was busy preparing the house. The duchess mentioned to the housemaid that she needed to send out the invitations for the ball.,"Who does ""she"" refer to?",The duchess,More likely the duchess,Could be either,More likely the housemaid,The housemaid,
c,b46,bfiller,filler,filler,Taking inventory is a tedious job.,The numbers were not adding up. The saleswoman suggested to the young woman that she would need to completely redo the most recent inventory.,"Who does ""she"" refer to?",The saleswoman,More likely the saleswoman,Could be either,More likely the young woman,The young woman,
c,b47,bfiller,filler,filler,It was a slow day at the restaurant.,Everyoen was feeling very chatty. The waitress told the young lady that she would enjoy any movie that starred Winona Ryder,"Who does ""she"" refer to?",The waitress,More likely the waitress,Could be either,More likely the young lady,The young lady,
c,b48,bfiller,filler,filler,Celebrity interviews can be tiring.,The interview was not going well. The actress complained to the spokeswoman that she was perceived as unfriendly and not very charitable.,"Who does ""she"" refer to?",The actress,More likely the actress,Could be either,More likely the spokeswoman,The spokeswoman,
c,b49,bfiller,filler,filler,The school day was almost over.,Everyone was happy with the winter fundraiser. The schoolgirl revealed to the headmistress that she had won the school raffle for a new snowmobile.,"Who does ""she"" refer to?",The schoolgirl,More likely the schoolgirl,Could be either,More likely headmistress,The headmistress,
c,b50,bfiller,filler,filler,It had been a lovely garden party.,"The lemonade was especially delicious. We complimented the maid of the actress when she was in the yard, and it went over well.","Who does ""she"" refer to?",The maid,More likely the maid,Could be either,More likely the actress,The actress,
c,b51,bfiller,filler,filler,It can be hard to get ahold of people.,"Many people are away from work during the summer. We called the secretary of the businesswoman when she was on vacation, but there was no answer.","Who does ""she"" refer to?",The secretary,More likely the secretary,Could be either,More likely the businesswoman,The businesswoman,
c,b52,bfiller,filler,filler,It had been a long day.,"Everyone was saying goodbye. The kids waved to the grandmother of the stewardess when she was leaving, but were ignored.","Who does ""she"" refer to?",The grandmother,More likely the grandmother,Could be either ,More likely the stewardess,The stewardess,
c,b53,bfiller,filler,filler,Wedding planning is very time consuming.,Everyone seemed ready for the big day. I e-mailed the receptionist of the wedding planner after she had left to check in on things.,"Who does ""she"" refer to?",The receptionist,More likely the receptionist,Could be either,More likely the wedding planner,The wedding planner,
c,b54,bfiller,filler,filler,Some children are very badly behaved.,The parents were out of town. We spoke to the babysitter of the girl when she got home in order to resolve a conflict.,"Who does ""she"" refer to?",The babysitter,More likely the babysitter,Could be either,More likely the girl,The girl,
c,b55,bfiller,filler,filler,It is important to do research.,Consumer reviews can be very helpful. I googled the masseuse of the boutique owner after she gave me a card to read the reviews.,"Who does ""she"" refer to?",The masseuse,More likely the masseuse,Could be either,More likely the boutique owner,The boutique owner,
c,b56,bfiller,filler,filler,The fashion world is very fast paced.,"Not everyone is friendly. We said hello to the sister of the fashion model when she arrived, but didn't get a response.","Who does ""she"" refer to?",The sister,More likely the sister,Could be either,More likely the fashion model,The fashion model,
c,b57,bfiller,filler,filler,Being shy can make it hard to date.,"Everyone was having a good time. I admired the daughter of the romance novelist when she was dancing, but didn't let it show.","Who does ""she"" refer to?",The daughter,More likely the daughter,Could be either,More likely the romance novelist,The romance novelist,
c,b58,bfiller,filler,filler,Gossip is hard to avoid.,"Everyone was talking about the royal family. The guards discussed the grandmother of the princess after she sold the palace, but only in whispers.","Who does ""she"" refer to?",The grandmother,More likely the grandmother,Could be either,More likely the princess,The princess,
c,b59,bfiller,filler,filler,It can be expensive to go to the salon.,"No one wanted to pay full price for a haircut. We called the hairdresser of the cheerleader after she left school, mostly to ask about prices.","Who does ""she"" refer to?",The hairdresser,More likely the hairdresser,Could be either,More likely the cheerleader,The cheerleader,
c,b60,bfiller,filler,filler,Travel can be very exciting.,"Everyone was in a good mood when the guests arrived. We chatted with the housekeeper of the heiress when she visited New York, and it was nice.","Who does ""she"" refer to?",The housekeeper,More likely the housekeeper,Could be either,More likely the heiress,The heiress,
d,b25,bfiller,filler,filler,New jobs can be very stressful.,The new hires were going to start next week. Michael assured Matthew that he was prepared for the new job at the factory.,"Who does ""he"" refer to?",Michael,More likely Michael,Could be either,More likely Matthew,Matthew,
d,b26,bfiller,filler,filler,Extra help can make everything run smoother.,Summer was a very busy time for hotdog sales. Andrew convinced Joseph that he would benefit from the extra help at the snack bar.,"Who does ""he"" refer to?",Andrew,More likely Andrew,Could be either,More likely Joseph,Jospeh,
d,b27,bfiller,filler,filler,New recipes can be fun to try.,The kitchen was missing a lot of necessities. Tyler told David that he would need a food processor to make that recipe.,"Who does ""he"" refer to?",Tyler,More likely Tyler,Could be either,More likely David,David,
d,b28,bfiller,filler,filler,Religion is very important to some people.,Church attendance had been very low lately. Robert informed Justin that he has to attend Sunday morning mass this week.,"Who does ""he"" refer to?",Robert,More likely Robert,Could be either,More likely Justin,Justin,
d,b29,bfiller,filler,filler,Some say a vegetarian diet is very healthy.,It had been hard to be strict about the new diet. Kyle reminded Cole that he couldn't eat that lasagna because it wasn't vegetarian.,"Who does ""he"" refer to?",Kyle,More likely Kyle,Could be either,More likely Cole,Cole,
d,b30,bfiller,filler,filler,Extra help is always needed during election season.,Everyone was already volunteering extra hours. Emily told Sarah that she should recruit a new intern for the senate campaign.,"Who does ""she"" refer to?",Emily,More likely Emily,Could be either,More likely Sarah,Sarah,
d,b31,bfiller,filler,filler,Collaborating with others can be difficult.,All the interns were very eager to learn. Brittany showed Samantha that she could create high quality designs for even the pickiest clients,"Who does ""she"" refer to?",Brittany,More likely Brittany,Could be either,More likely Samantha,Samantha,
d,b32,bfiller,filler,filler,It is important to take time off when injured.,The restaurant was always busiest for breakfast. Amanda warned Hannah that she couldn't work the morning shift because of her shoulder injury.,"Who does ""she"" refer to?",Amanda,More likely Amanda,Could be either,More likely Hannah,Hannah,
d,b33,bfiller,filler,filler,Paperwork can be very confusing.,Everyone was feeling especially stressed. Olivia warned Shelby that she didn't have all the documents for the immigration official.,"Who does ""she"" refer to?",Olivia,More likely Olivia,Could be either,More likely Shelby,Shelby,
d,b34,bfiller,filler,filler,Interviews can be very difficult.,Thankfully everyone seemed to be in a good mood. Jennifer convinced Victoria that she was perfect for that position in the foreign services.,"Who does ""she"" refer to?",Jennifer,More likely Jennifer,Could be either,More likely Victoria,Victoria,
d,b35,bfiller,filler,filler,All the graduates were relieved.,The ceremony was coming to an end. Tiffany warned Chelsea that she was unprepared to give a speech at the graduation ceremony.,"Who does ""she"" refer to?",Tiffany,More likely Tiffany,Could be either,More likely Chelsea,Chelsea,
d,b36,bfiller,filler,filler,Home repairs are very stressful.,The renovations had taken months already. Michelle told Kaitlyn that she would need to hire more repairmen.,"Who does ""she"" refer to?",Michelle,More likely Michelle,Could be either,More likely Kaitlyn,Kaitlyn,
d,b37,bfiller,filler,filler,Funding can be hard to come by.,Everyone was feeling optimistic. The Pope promised the Priest that he would get funding for human rights campaigns.,"Who does ""he"" refer to?",The Pope,More likely the Pope,Could be either,More likely the priest,The priest,
d,b38,bfiller,filler,filler,Rainy weather can put people in a bad mood.,The family was annoyed with the conversation. The little boy told the unhappy old man that he shouldn't complain about the weather at the dinner table.,"Who does ""he"" refer to?",The little boy,More likely the little boy,Could be either,More likely the unhappy old man,The unhappy old man,
d,b39,bfiller,filler,filler,Picking a new leader is serious work.,The people were very impressed. The young prince showed the revered king that he would be a fine leader of the Tharassian empire.,"Who does ""he"" refer to?",The young prince,More likely the young prince,Could be either,More likely the revered king,The revered king,
d,b40,bfiller,filler,filler,It is important to give credit where it is due.,It was a proud moment for everyone. The policeman notified the male cadet that he had received a medal of honor for his ethical conduct.,"Who does ""he"" refer to?",The policeman,More likely the policeman,Could be either,More likely the male cadet,The male cadet,
d,b41,bfiller,filler,filler,Joking with colleagues can be fun.,"Thankfully everyone could take a joke. We mocked the manager of the computer technician when he was making coffee, but nobody got upset.","Who does ""he"" refer to?",The manager,More likely the manager,Could be either,More likely the computer technician,The computer technician,
d,b42,bfiller,filler,filler,It is important to not be overoptimistic.,The firm was very competive. The elderly gentleman warned the young man that he was unlikely to be hired by the advertising firm.,"Who does ""he"" refer to?",The elderly gentleman,More likely the elderly gentleman,Could be either,More likely the young man,The young man,
d,b43,bfiller,filler,filler,It had been a wild night.,Everyone had had too much to drink. The frat brother said to the teenage boy that he would get very sick because of the bad wine.,"Who does ""he"" refer to?",The frat brother,More likely the frat brother,Could be either,More likely the teenage boy,The teenage boy,
d,b44,bfiller,filler,filler,Weddings are very stressful.,No one was in a good mood. The bridesmaid warned the bride that she might receive an important call during the ceremony.,"Who does ""she"" refer to?",The bridesmaid,More likely the bridesmaid,Could be either,More likely the bride,The bride,
d,b45,bfiller,filler,filler,The event was getting closer.,Everyone was busy preparing the house. The duchess mentioned to the housemaid that she needed to send out the invitations for the ball.,"Who does ""she"" refer to?",The duchess,More likely the duchess,Could be either,More likely the housemaid,The housemaid,
d,b46,bfiller,filler,filler,Taking inventory is a tedious job.,The numbers were not adding up. The saleswoman suggested to the young woman that she would need to completely redo the most recent inventory.,"Who does ""she"" refer to?",The saleswoman,More likely the saleswoman,Could be either,More likely the young woman,The young woman,
d,b47,bfiller,filler,filler,It was a slow day at the restaurant.,Everyoen was feeling very chatty. The waitress told the young lady that she would enjoy any movie that starred Winona Ryder,"Who does ""she"" refer to?",The waitress,More likely the waitress,Could be either,More likely the young lady,The young lady,
d,b48,bfiller,filler,filler,Celebrity interviews can be tiring.,The interview was not going well. The actress complained to the spokeswoman that she was perceived as unfriendly and not very charitable.,"Who does ""she"" refer to?",The actress,More likely the actress,Could be either,More likely the spokeswoman,The spokeswoman,
d,b49,bfiller,filler,filler,The school day was almost over.,Everyone was happy with the winter fundraiser. The schoolgirl revealed to the headmistress that she had won the school raffle for a new snowmobile.,"Who does ""she"" refer to?",The schoolgirl,More likely the schoolgirl,Could be either,More likely headmistress,The headmistress,
d,b50,bfiller,filler,filler,It had been a lovely garden party.,"The lemonade was especially delicious. We complimented the maid of the actress when she was in the yard, and it went over well.","Who does ""she"" refer to?",The maid,More likely the maid,Could be either,More likely the actress,The actress,
d,b51,bfiller,filler,filler,It can be hard to get ahold of people.,"Many people are away from work during the summer. We called the secretary of the businesswoman when she was on vacation, but there was no answer.","Who does ""she"" refer to?",The secretary,More likely the secretary,Could be either,More likely the businesswoman,The businesswoman,
d,b52,bfiller,filler,filler,It had been a long day.,"Everyone was saying goodbye. The kids waved to the grandmother of the stewardess when she was leaving, but were ignored.","Who does ""she"" refer to?",The grandmother,More likely the grandmother,Could be either ,More likely the stewardess,The stewardess,
d,b53,bfiller,filler,filler,Wedding planning is very time consuming.,Everyone seemed ready for the big day. I e-mailed the receptionist of the wedding planner after she had left to check in on things.,"Who does ""she"" refer to?",The receptionist,More likely the receptionist,Could be either,More likely the wedding planner,The wedding planner,
d,b54,bfiller,filler,filler,Some children are very badly behaved.,The parents were out of town. We spoke to the babysitter of the girl when she got home in order to resolve a conflict.,"Who does ""she"" refer to?",The babysitter,More likely the babysitter,Could be either,More likely the girl,The girl,
d,b55,bfiller,filler,filler,It is important to do research.,Consumer reviews can be very helpful. I googled the masseuse of the boutique owner after she gave me a card to read the reviews.,"Who does ""she"" refer to?",The masseuse,More likely the masseuse,Could be either,More likely the boutique owner,The boutique owner,
d,b56,bfiller,filler,filler,The fashion world is very fast paced.,"Not everyone is friendly. We said hello to the sister of the fashion model when she arrived, but didn't get a response.","Who does ""she"" refer to?",The sister,More likely the sister,Could be either,More likely the fashion model,The fashion model,
d,b57,bfiller,filler,filler,Being shy can make it hard to date.,"Everyone was having a good time. I admired the daughter of the romance novelist when she was dancing, but didn't let it show.","Who does ""she"" refer to?",The daughter,More likely the daughter,Could be either,More likely the romance novelist,The romance novelist,
d,b58,bfiller,filler,filler,Gossip is hard to avoid.,"Everyone was talking about the royal family. The guards discussed the grandmother of the princess after she sold the palace, but only in whispers.","Who does ""she"" refer to?",The grandmother,More likely the grandmother,Could be either,More likely the princess,The princess,
d,b59,bfiller,filler,filler,It can be expensive to go to the salon.,"No one wanted to pay full price for a haircut. We called the hairdresser of the cheerleader after she left school, mostly to ask about prices.","Who does ""she"" refer to?",The hairdresser,More likely the hairdresser,Could be either,More likely the cheerleader,The cheerleader,
d,b60,bfiller,filler,filler,Travel can be very exciting.,"Everyone was in a good mood when the guests arrived. We chatted with the housekeeper of the heiress when she visited New York, and it was nice.","Who does ""she"" refer to?",The housekeeper,More likely the housekeeper,Could be either,More likely the heiress,The heiress,
